﻿<?xml version="1.0" encoding="utf-8" standalone="no"?>
<modDesc descVersion="30">
    <author>Richwoodrocket</author>
    <version>1.0.0.0</version>
    <title>
        <en>Landa Gas Pressure Washer</en>
	
    </title>
    <description>
            <en>This is the Landa 3500 PSI 4.7 GPM Cold/Hot water pressure washer. </en>
		
	</description>
    <iconFilename>store.dds</iconFilename>
    <multiplayer supported="true"/>
    <storeItems>
        <storeItem xmlFilename="kaercher.xml" rootNode="placeable"/>
    </storeItems>
	    <brands>
        <brand name="LANDA" title="LANDA" image="LANDA.png"/>
    </brands>
</modDesc>
